{
    "total_samples": 1,
    "k_mean": 1e-05,
    "k_std": 1e-06,
    "grid": {
        "nrow": 10,
        "ncol": 10
    },
    "scaler_info": {
        "head_min": [
            10.0,
            9.452783677649137,
            8.902902612448438,
            8.371586026822179,
            7.808573079081424,
            7.214103615252312,
            6.663185557809077,
            6.139721082145401,
            5.574682578056873,
            5.0,
            10.0,
            9.459792176417093,
            8.929719206376632,
            8.378330136160061,
            7.789253620816311,
            7.220470927809378,
            6.6644771240594505,
            6.1248218357146476,
            5.578567125596434,
            5.0,
            10.0,
            9.475280037769252,
            8.938026997755673,
            8.370459325288659,
            7.786915770645542,
            7.2341964312363585,
            6.672887943903774,
            6.118618005232772,
            5.567097659335607,
            5.0,
            10.0,
            9.46752518316905,
            8.942347847469827,
            8.362306306319743,
            7.796978556732145,
            7.239110637697278,
            6.680650875871425,
            6.12584940488542,
            5.5527160014633035,
            5.0,
            10.0,
            9.46960721995974,
            8.922339995970459,
            8.362323776433758,
            7.79484295814389,
            7.228269544046509,
            6.66359050735792,
            6.112431541416754,
            5.575637122086191,
            5.0,
            10.0,
            9.465742937462718,
            8.90134417810812,
            8.332598770863429,
            7.781351689705147,
            7.243362300794285,
            6.681848812949409,
            6.109030070473894,
            5.555924896230302,
            5.0,
            10.0,
            9.464752380112916,
            8.912708566147893,
            8.335106612924818,
            7.764981257742634,
            7.22878461583696,
            6.677521600387753,
            6.117979313320544,
            5.574600848351547,
            5.0,
            10.0,
            9.463164821965782,
            8.921419044048356,
            8.3788391507447,
            7.790479582056951,
            7.204199148424874,
            6.672441284981231,
            6.123142006660507,
            5.5781858932997075,
            5.0,
            10.0,
            9.45515508153922,
            8.930587971468578,
            8.384985801127597,
            7.796281485029524,
            7.2048524760182975,
            6.655512469825688,
            6.124305345644501,
            5.565401818260652,
            5.0,
            10.0,
            9.470985519224515,
            8.935749548787106,
            8.372177165266892,
            7.804637984827786,
            7.211719995899,
            6.644080461665339,
            6.113538302160105,
            5.564233321766794,
            5.0
        ],
        "head_max": [
            10.0,
            9.452783677649137,
            8.902902612448438,
            8.371586026822179,
            7.808573079081424,
            7.214103615252312,
            6.663185557809077,
            6.139721082145401,
            5.574682578056873,
            5.0,
            10.0,
            9.459792176417093,
            8.929719206376632,
            8.378330136160061,
            7.789253620816311,
            7.220470927809378,
            6.6644771240594505,
            6.1248218357146476,
            5.578567125596434,
            5.0,
            10.0,
            9.475280037769252,
            8.938026997755673,
            8.370459325288659,
            7.786915770645542,
            7.2341964312363585,
            6.672887943903774,
            6.118618005232772,
            5.567097659335607,
            5.0,
            10.0,
            9.46752518316905,
            8.942347847469827,
            8.362306306319743,
            7.796978556732145,
            7.239110637697278,
            6.680650875871425,
            6.12584940488542,
            5.5527160014633035,
            5.0,
            10.0,
            9.46960721995974,
            8.922339995970459,
            8.362323776433758,
            7.79484295814389,
            7.228269544046509,
            6.66359050735792,
            6.112431541416754,
            5.575637122086191,
            5.0,
            10.0,
            9.465742937462718,
            8.90134417810812,
            8.332598770863429,
            7.781351689705147,
            7.243362300794285,
            6.681848812949409,
            6.109030070473894,
            5.555924896230302,
            5.0,
            10.0,
            9.464752380112916,
            8.912708566147893,
            8.335106612924818,
            7.764981257742634,
            7.22878461583696,
            6.677521600387753,
            6.117979313320544,
            5.574600848351547,
            5.0,
            10.0,
            9.463164821965782,
            8.921419044048356,
            8.3788391507447,
            7.790479582056951,
            7.204199148424874,
            6.672441284981231,
            6.123142006660507,
            5.5781858932997075,
            5.0,
            10.0,
            9.45515508153922,
            8.930587971468578,
            8.384985801127597,
            7.796281485029524,
            7.2048524760182975,
            6.655512469825688,
            6.124305345644501,
            5.565401818260652,
            5.0,
            10.0,
            9.470985519224515,
            8.935749548787106,
            8.372177165266892,
            7.804637984827786,
            7.211719995899,
            6.644080461665339,
            6.113538302160105,
            5.564233321766794,
            5.0
        ],