{
    "total_samples": 1,
    "k_mean": 1e-05,
    "k_std": 1e-06,
    "grid": {
        "nrow": 10,
        "ncol": 10,
        "nlay": 1
    },
    "cell_size": {
        "delr": 100.0,
        "delc": 100.0
    },
    "boundary_head": {
        "left": 10.0,
        "right": 5.0
    },
    "water_balance_error": {
        "mean": 999.0,
        "std": 0.0,
        "max": 999.0,
        "min": 999.0
    },
    "noise_config": {
        "enable_noise": true,
        "noise_levels": [
            0.01,
            0.05,
            0.1
        ],
        "noise_type": "gaussian"
    },
    "scaler_info": {
        "head_min": [
            10.002163153559776,
            9.448769916097874,
            8.916771805481487,
            8.372022910952955,
            7.793140251526885,
            7.220311660979391,
            6.666619639582338,
            6.14110745885255,
            5.566606860176517,
            5.015826194482302,
            9.97935704444936,
            9.445431757058666,
            8.935432372179841,
            8.376725644024107,
            7.77221402500255,
            7.224513735949041,
            6.648454802078407,
            6.136487240145947,
            5.576119241563281,
            4.998886841911192,
            10.015064357593381,
            9.474861400367251,
            8.935232873803395,
            8.39004591245796,
            7.801018417706693,
            7.225710658581962,
            6.674797814262637,
            6.127776126355605,
            5.5639765282258855,
            5.0303247308822705,
            10.004983716964121,
            9.464054948468958,
            8.943585206475625,
            8.352573002796888,
            7.807308394236573,
            7.255502977979871,
            6.687071785758646,
            6.128520071056427,
            5.547480720934378,
            4.9993202139783035,
            9.993379364278685,
            9.479768588236123,
            8.927437605534424,
            8.357739367520217,
            7.80370091264414,
            7.2215042260575215,
            6.647715837285956,
            6.10477600911846,
            5.581732002023284,
            5.004003093855603,
            9.998305375813866,
            9.473357229774633,
            8.912547179483527,
            8.34475934591494,
            7.78188805685217,
            7.229847670063675,
            6.683666600606003,
            6.103675291439713,
            5.548926796613197,
            4.98418004831114,
            9.994337047295016,
            9.461357623683552,
            8.891919510535086,
            8.323730119433714,
            7.758487147955913,
            7.226994001937601,
            6.696833647406831,
            6.1215059786287185,
            5.579396637382522,
            4.999707292272991,
            9.989274312849307,
            9.476958593712133,
            8.918673359047828,
            8.390084350485449,
            7.789544223894074,
            7.2110680910276095,
            6.661297613194785,
            6.121042442006293,
            5.574322120403754,
            5.017823909773959,
            10.010394532454619,
            9.452449735960869,
            8.954887072306953,
            8.38334596334827,
            7.8008329238066025,
            7.20280222685087,
            6.670096173665387,
            6.120868674747237,
            5.570670237431624,
            4.99806218017993,
            10.01331918413186,
            9.483212409333747,
            8.90967082676061,
            8.381517377455008,
            7.790687360901713,
            7.212857208485383,
            6.6467815979964024,
            6.106118617113607,
            5.550569149205632,
            4.998232668351532
        ],
        "head_max": [
            10.002163153559776,
            9.448769916097874,
            8.916771805481487,
            8.372022910952955,
            7.793140251526885,
            7.220311660979391,
            6.666619639582338,
            6.14110745885255,
            5.566606860176517,
            5.015826194482302,
            9.97935704444936,
            9.445431757058666,
            8.935432372179841,
            8.376725644024107,
            7.77221402500255,
            7.224513735949041,
            6.648454802078407,
            6.136487240145947,
            5.576119241563281,
            4.998886841911192,
            10.015064357593381,
            9.474861400367251,
            8.935232873803395,
            8.39004591245796,
            7.801018417706693,
            7.225710658581962,
            6.674797814262637,
            6.127776126355605,
            5.5639765282258855,
            5.0303247308822705,
            10.004983716964121,
            9.464054948468958,
            8.943585206475625,
            8.352573002796888,
            7.807308394236573,
            7.255502977979871,
            6.687071785758646,
            6.128520071056427,
            5.547480720934378,
            4.9993202139783035,
            9.993379364278685,
            9.479768588236123,
            8.927437605534424,
            8.357739367520217,
            7.80370091264414,
            7.2215042260575215,
            6.647715837285956,
            6.10477600911846,
            5.581732002023284,
            5.004003093855603,
            9.998305375813866,
            9.473357229774633,
            8.912547179483527,
            8.34475934591494,
            7.78188805685217,
            7.229847670063675,
            6.683666600606003,
            6.103675291439713,
            5.548926796613197,
            4.98418004831114,
            9.994337047295016,
            9.461357623683552,
            8.891919510535086,
            8.323730119433714,
            7.758487147955913,
            7.226994001937601,
            6.696833647406831,
            6.1215059786287185,
            5.579396637382522,
            4.999707292272991,
            9.989274312849307,
            9.476958593712133,
            8.918673359047828,
            8.390084350485449,
            7.789544223894074,
            7.2110680910276095,
            6.661297613194785,
            6.121042442006293,
            5.574322120403754,
            5.017823909773959,
            10.010394532454619,
            9.452449735960869,
            8.954887072306953,
            8.38334596334827,
            7.8008329238066025,
            7.20280222685087,
            6.670096173665387,
            6.120868674747237,
            5.570670237431624,
            4.99806218017993,
            10.01331918413186,
            9.483212409333747,
            8.90967082676061,
            8.381517377455008,
            7.790687360901713,
            7.212857208485383,
            6.6467815979964024,
            6.106118617113607,
            5.550569149205632,
            4.998232668351532
        ],