忒迡MSE,夥源MSE
3.127273172140121460e-02,3.127273172140121460e-02
