MSE愆呵,廬茄K엇令,渡꿎K엇令
8.552339673042297363e-01,6.017656251788139343e-02,1.834452152252197266e-03
